provenance_pk,provenanceID,source,sourceIRI,creator,creatorID,providerLiteral,references,bibliographicCitation
PROV-HISTORICO-JBRJ-001,PROV-HISTORICO-JBRJ-001,Registro longitudinal consolidado retrospectivamente no JABOT,https://manual-jabot.jbrj.gov.br/doku.php?id=start,Equipe do JBRJ,urn:example:agent:equipe-jbrj,JBRJ,https://manual-jabot.jbrj.gov.br/doku.php?id=start,Cenário didático inspirado na entrada em funcionamento do JABOT em 2005; não representa o cadastro real deste indivíduo.
PROV-MENSURACAO-1979,PROV-MENSURACAO-1979,Ficha de mensuração de 1979,https://example.org/sources/ficha-1979,Helena Duarte Campos,urn:example:agent:helena-duarte-campos,JBRJ,,Transcrição fictícia.
PROV-COLETA-1988-FLORES,PROV-COLETA-1988-FLORES,Caderno de campo e etiqueta de 1988,https://example.org/sources/coleta-1988,Helena Duarte Campos; Marcos Vinícius Tavares,urn:example:agent:helena-duarte-campos | urn:example:agent:marcos-vinicius-tavares,JBRJ,,Transcrição fictícia.
PROV-COLETA-2014-FRUTOS,PROV-COLETA-2014-FRUTOS,Caderno de campo de 2014,https://example.org/sources/coleta-2014,Renata Alves de Moura,urn:example:agent:renata-alves-de-moura,JBRJ,,Transcrição fictícia.
PROV-REVISAO-TAXONOMICA-2020,PROV-REVISAO-TAXONOMICA-2020,Ficha de revisão taxonômica,https://example.org/sources/revisao-2020,H. C. Lima,urn:example:agent:h-c-lima,JBRJ,https://doi.org/10.3897/phytokeys.71.9203,Revisão didática.
PROV-COLETA-SILICA-2022,PROV-COLETA-SILICA-2022,Caderno de amostragem molecular,https://example.org/sources/amostra-2022,Renata Alves de Moura; Júlia Fernandes Ribeiro,urn:example:agent:renata-alves-de-moura | urn:example:agent:julia-fernandes-ribeiro,JBRJ,,Transcrição fictícia.
PROV-ANALISE-MOLECULAR-2025,PROV-ANALISE-MOLECULAR-2025,Caderno de laboratório,https://example.org/sources/lab-2025,Júlia Fernandes Ribeiro,urn:example:agent:julia-fernandes-ribeiro,JBRJ,,Dados moleculares fictícios.
PROV-MIDIA-1988,PROV-MIDIA-1988,Negativo fotográfico de 1988,https://example.org/sources/negative-1988,Beatriz Costa Nogueira,urn:example:agent:beatriz-costa-nogueira,JBRJ,,Digitalização fictícia.
PROV-MIDIA-EXSICATAS,PROV-MIDIA-EXSICATAS,Digitalização da exsicata,https://example.org/sources/RB-FL-001,Herbário RB,,JBRJ,,Imagem fictícia.
